County,Year,Population
Albany,2015,307463
Allegany,2015,48070
Bronx,2015,1428357
Broome,2015,198093
Cattaraugus,2015,78962
Cayuga,2015,79173
Chautauqua,2015,132646
Chemung,2015,88267
Chenango,2015,49549
Clinton,2015,81685
Columbia,2015,62195
Cortland,2015,49043
Delaware,2015,46901
Dutchess,2015,296928
Erie,2015,921584
Essex,2015,38912
Franklin,2015,51280
Fulton,2015,54606
Genesee,2015,59458
Greene,2015,48312
Hamilton,2015,4760
Herkimer,2015,64034
Jefferson,2015,118947
Kings,2015,2595259
Lewis,2015,27124
Livingston,2015,64801
Madison,2015,72427
Monroe,2015,749356
Montgomery,2015,49779
Nassau,2015,1354612
New York,2015,1629507
Niagara,2015,214150
Oneida,2015,233558
Onondaga,2015,468304
Ontario,2015,109192
Orange,2015,375384
Orleans,2015,42204
Oswego,2015,121183
Otsego,2015,61399
Putnam,2015,99488
Queens,2015,2301139
Rensselaer,2015,159900
Richmond,2015,472481
Rockland,2015,320688
St. Lawrence,2015,112011
Saratoga,2015,223774
Schenectady,2015,154796
Schoharie,2015,31913
Schuyler,2015,18410
Seneca,2015,35144
Steuben,2015,98665
Suffolk,2015,1501373
Sullivan,2015,76330
Tioga,2015,50199
Tompkins,2015,103855
Ulster,2015,181300
Warren,2015,65180
Washington,2015,62700
Wayne,2015,92416
Westchester,2015,967315
Wyoming,2015,41446
Yates,2015,25187
Albany,2014,306124
Allegany,2014,48387
Bronx,2014,1413566
Broome,2014,198797
Cattaraugus,2014,79397
Cayuga,2014,79481
Chautauqua,2014,133556
Chemung,2014,88681
Chenango,2014,49868
Clinton,2014,81829
Columbia,2014,62525
Cortland,2014,49231
Delaware,2014,47223
Dutchess,2014,297388
Erie,2014,920694
Essex,2014,39072
Franklin,2014,51508
Fulton,2014,54870
Genesee,2014,59702
Greene,2014,48618
Hamilton,2014,4783
Herkimer,2014,64329
Jefferson,2014,118885
Kings,2014,2570801
Lewis,2014,27164
Livingston,2014,64867
Madison,2014,72731
Monroe,2014,748076
Montgomery,2014,49951
Nassau,2014,1350601
New York,2014,1618398
Niagara,2014,214973
Oneida,2014,233944
Onondaga,2014,467846
Ontario,2014,108975
Orange,2014,374518
Orleans,2014,42492
Oswego,2014,121659
Otsego,2014,61778
Putnam,2014,99697
Queens,2014,2280602
Rensselaer,2014,159600
Richmond,2014,471522
Rockland,2014,318186
St. Lawrence,2014,112015
Saratoga,2014,222512
Schenectady,2014,155178
Schoharie,2014,32153
Schuyler,2014,18458
Seneca,2014,35232
Steuben,2014,98917
Suffolk,2014,1500373
Sullivan,2014,76892
Tioga,2014,50464
Tompkins,2014,103179
Ulster,2014,181598
Warren,2014,65388
Washington,2014,62910
Wayne,2014,92887
Westchester,2014,962319
Wyoming,2014,41679
Yates,2014,25281
Albany,2013,305279
Allegany,2013,48618
Bronx,2013,1397315
Broome,2013,199298
Cattaraugus,2013,79735
Cayuga,2013,79767
Chautauqua,2013,134156
Chemung,2013,88876
Chenango,2013,50121
Clinton,2013,81865
Columbia,2013,62674
Cortland,2013,49271
Delaware,2013,47491
Dutchess,2013,297385
Erie,2013,919230
Essex,2013,39181
Franklin,2013,51676
Fulton,2013,55165
Genesee,2013,59872
Greene,2013,48928
Hamilton,2013,4813
Herkimer,2013,64428
Jefferson,2013,118073
Kings,2013,2539789
Lewis,2013,27108
Livingston,2013,65087
Madison,2013,72839
Monroe,2013,746548
Montgomery,2013,50019
Nassau,2013,1343765
New York,2013,1605272
Niagara,2013,215465
Oneida,2013,234206
Onondaga,2013,467202
Ontario,2013,108311
Orange,2013,373902
Orleans,2013,42663
Oswego,2013,121797
Otsego,2013,62029
Putnam,2013,99718
Queens,2013,2256400
Rensselaer,2013,159565
Richmond,2013,470223
Rockland,2013,315069
St. Lawrence,2013,112097
Saratoga,2013,221169
Schenectady,2013,154821
Schoharie,2013,32404
Schuyler,2013,18432
Seneca,2013,35359
Steuben,2013,98951
Suffolk,2013,1495803
Sullivan,2013,77134
Tioga,2013,50789
Tompkins,2013,102270
Ulster,2013,182086
Warren,2013,65584
Washington,2013,63237
Wayne,2013,93224
Westchester,2013,956283
Wyoming,2013,41923
Yates,2013,25293
Albany,2012,304511
Allegany,2012,48837
Bronx,2012,1386364
Broome,2012,199928
Cattaraugus,2012,80166
Cayuga,2012,79996
Chautauqua,2012,134599
Chemung,2012,88779
Chenango,2012,50490
Clinton,2012,82054
Columbia,2012,62881
Cortland,2012,49453
Delaware,2012,47851
Dutchess,2012,297291
Erie,2012,919542
Essex,2012,39309
Franklin,2012,51698
Fulton,2012,55358
Genesee,2012,59992
Greene,2012,49122
Hamilton,2012,4835
Herkimer,2012,64475
Jefferson,2012,117011
Kings,2012,2512740
Lewis,2012,27062
Livingston,2012,65215
Madison,2012,72977
Monroe,2012,744746
Montgomery,2012,50025
Nassau,2012,1338712
New York,2012,1596735
Niagara,2012,215869
Oneida,2012,234336
Onondaga,2012,466179
Ontario,2012,107728
Orange,2012,372951
Orleans,2012,42995
Oswego,2012,122055
Otsego,2012,62147
Putnam,2012,99702
Queens,2012,2235008
Rensselaer,2012,159464
Richmond,2012,468374
Rockland,2012,312011
St. Lawrence,2012,112060
Saratoga,2012,219832
Schenectady,2012,154466
Schoharie,2012,32617
Schuyler,2012,18472
Seneca,2012,35306
Steuben,2012,98992
Suffolk,2012,1492360
Sullivan,2012,77340
Tioga,2012,51067
Tompkins,2012,101570
Ulster,2012,182516
Warren,2012,65700
Washington,2012,63108
Wayne,2012,93476
Westchester,2012,950227
Wyoming,2012,42092
Yates,2012,25351
Albany,2011,303957
Allegany,2011,48991
Bronx,2011,1374593
Broome,2011,200448
Cattaraugus,2011,80478
Cayuga,2011,80204
Chautauqua,2011,135018
Chemung,2011,88731
Chenango,2011,50788
Clinton,2011,82265
Columbia,2011,63055
Cortland,2011,49441
Delaware,2011,48079
Dutchess,2011,296842
Erie,2011,919714
Essex,2011,39357
Franklin,2011,51711
Fulton,2011,55456
Genesee,2011,59966
Greene,2011,49298
Hamilton,2011,4870
Herkimer,2011,64354
Jefferson,2011,115941
Kings,2011,2486119
Lewis,2011,27037
Livingston,2011,65387
Madison,2011,73156
Monroe,2011,742783
Montgomery,2011,49985
Nassau,2011,1332947
New York,2011,1588257
Niagara,2011,216036
Oneida,2011,234549
Onondaga,2011,464921
Ontario,2011,107070
Orange,2011,371833
Orleans,2011,43011
Oswego,2011,122206
Otsego,2011,62380
Putnam,2011,99662
Queens,2011,2213977
Rensselaer,2011,159053
Richmond,2011,466034
Rockland,2011,308682
St. Lawrence,2011,111809
Saratoga,2011,218520
Schenectady,2011,153935
Schoharie,2011,32766
Schuyler,2011,18490
Seneca,2011,35306
Steuben,2011,98837
Suffolk,2011,1487177
Sullivan,2011,77553
Tioga,2011,51287
Tompkins,2011,101033
Ulster,2011,182710
Warren,2011,65767
Washington,2011,63174
Wayne,2011,93628
Westchester,2011,944249
Wyoming,2011,42223
Yates,2011,25342
Albany,2010,304032
Allegany,2010,49105
Bronx,2010,1365725
Broome,2010,200804
Cattaraugus,2010,80776
Cayuga,2010,80431
Chautauqua,2010,135263
Chemung,2010,88708
Chenango,2010,51045
Clinton,2010,82380
Columbia,2010,63241
Cortland,2010,49452
Delaware,2010,48220
Dutchess,2010,296152
Erie,2010,921202
Essex,2010,39416
Franklin,2010,51697
Fulton,2010,55497
Genesee,2010,59952
Greene,2010,49410
Hamilton,2010,4908
Herkimer,2010,64332
Jefferson,2010,115069
Kings,2010,2466782
Lewis,2010,27017
Livingston,2010,65441
Madison,2010,72887
Monroe,2010,741274
Montgomery,2010,49945
Nassau,2010,1329083
New York,2010,1583345
Niagara,2010,216064
Oneida,2010,234533
Onondaga,2010,463704
Ontario,2010,106298
Orange,2010,370201
Orleans,2010,43169
Oswego,2010,122220
Otsego,2010,62604
Putnam,2010,99545
Queens,2010,2199169
Rensselaer,2010,158629
Richmond,2010,463450
Rockland,2010,305461
St. Lawrence,2010,111778
Saratoga,2010,217264
Schenectady,2010,153268
Schoharie,2010,32789
Schuyler,2010,18566
Seneca,2010,35309
Steuben,2010,98724
Suffolk,2010,1482548
Sullivan,2010,77625
Tioga,2010,51377
Tompkins,2010,100612
Ulster,2010,182782
Warren,2010,65707
Washington,2010,63088
Wayne,2010,93654
Westchester,2010,939406
Wyoming,2010,42367
Yates,2010,25250
Albany,2009,298341
Allegany,2009,49391
Bronx,2009,1381529
Broome,2009,195209
Cattaraugus,2009,80349
Cayuga,2009,79994
Chautauqua,2009,134078
Chemung,2009,88161
Chenango,2009,50956
Clinton,2009,81755
Columbia,2009,62217
Cortland,2009,48207
Delaware,2009,46194
Dutchess,2009,292187
Erie,2009,914200
Essex,2009,37927
Franklin,2009,50374
Fulton,2009,55031
Genesee,2009,58208
Greene,2009,49071
Hamilton,2009,5011
Herkimer,2009,62439
Jefferson,2009,117595
Kings,2009,2538140
Lewis,2009,26205
Livingston,2009,63162
Madison,2009,69868
Monroe,2009,731621
Montgomery,2009,48632
Nassau,2009,1354141
New York,2009,1620962
Niagara,2009,214613
Oneida,2009,231029
Onondaga,2009,453846
Ontario,2009,104205
Orange,2009,376548
Orleans,2009,42380
Oswego,2009,121588
Otsego,2009,62086
Putnam,2009,99111
Queens,2009,2278860
Rensselaer,2009,155043
Richmond,2009,483168
Rockland,2009,297298
St. Lawrence,2009,109742
Saratoga,2009,216491
Schenectady,2009,150474
Schoharie,2009,31813
Schuyler,2009,18896
Seneca,2009,34181
Steuben,2009,96674
Suffolk,2009,1511028
Sullivan,2009,75924
Tioga,2009,50367
Tompkins,2009,100583
Ulster,2009,181510
Warren,2009,65743
Washington,2009,62486
Wayne,2009,91658
Westchester,2009,949050
Wyoming,2009,41820
Yates,2009,24526
Albany,2008,303739
Allegany,2008,49177
Bronx,2008,1363488
Broome,2008,201029
Cattaraugus,2008,80761
Cayuga,2008,80482
Chautauqua,2008,135229
Chemung,2008,88503
Chenango,2008,51326
Clinton,2008,82401
Columbia,2008,63253
Cortland,2008,49537
Delaware,2008,48363
Dutchess,2008,296267
Erie,2008,920571
Essex,2008,39435
Franklin,2008,51907
Fulton,2008,55584
Genesee,2008,59895
Greene,2008,49467
Hamilton,2008,4893
Herkimer,2008,64404
Jefferson,2008,115033
Kings,2008,2460361
Lewis,2008,26878
Livingston,2008,65637
Madison,2008,73075
Monroe,2008,741018
Montgomery,2008,49951
Nassau,2008,1325129
New York,2008,1587022
Niagara,2008,215793
Oneida,2008,234482
Onondaga,2008,463472
Ontario,2008,106302
Orange,2008,370201
Orleans,2008,43254
Oswego,2008,122366
Otsego,2008,62561
Putnam,2008,99537
Queens,2008,2193623
Rensselaer,2008,159011
Richmond,2008,463701
Rockland,2008,305413
St. Lawrence,2008,111684
Saratoga,2008,217282
Schenectady,2008,153360
Schoharie,2008,32890
Schuyler,2008,18644
Seneca,2008,35370
Steuben,2008,98726
Suffolk,2008,1480218
Sullivan,2008,77755
Tioga,2008,51498
Tompkins,2008,100383
Ulster,2008,183174
Warren,2008,65848
Washington,2008,63252
Wayne,2008,93739
Westchester,2008,937449
Wyoming,2008,42281
Yates,2008,25352
Albany,2007,303858
Allegany,2007,49079
Bronx,2007,1354056
Broome,2007,200877
Cattaraugus,2007,81056
Cayuga,2007,80629
Chautauqua,2007,135481
Chemung,2007,88634
Chenango,2007,51463
Clinton,2007,82556
Columbia,2007,63430
Cortland,2007,49624
Delaware,2007,48450
Dutchess,2007,295319
Erie,2007,921887
Essex,2007,39373
Franklin,2007,51782
Fulton,2007,55489
Genesee,2007,59930
Greene,2007,49537
Hamilton,2007,4969
Herkimer,2007,64343
Jefferson,2007,115059
Kings,2007,2441324
Lewis,2007,27086
Livingston,2007,65460
Madison,2007,72709
Monroe,2007,739249
Montgomery,2007,49798
Nassau,2007,1322048
New York,2007,1581402
Niagara,2007,215791
Oneida,2007,234488
Onondaga,2007,461287
Ontario,2007,105216
Orange,2007,368464
Orleans,2007,43342
Oswego,2007,122213
Otsego,2007,62914
Putnam,2007,99454
Queens,2007,2177351
Rensselaer,2007,158243
Richmond,2007,459642
Rockland,2007,301668
St. Lawrence,2007,111586
Saratoga,2007,215798
Schenectady,2007,152275
Schoharie,2007,32894
Schuyler,2007,18707
Seneca,2007,35469
Steuben,2007,98541
Suffolk,2007,1475255
Sullivan,2007,77991
Tioga,2007,51565
Tompkins,2007,99910
Ulster,2007,182818
Warren,2007,65740
Washington,2007,63054
Wayne,2007,93539
Westchester,2007,933414
Wyoming,2007,42515
Yates,2007,25234
Albany,2006,303997
Allegany,2006,49359
Bronx,2006,1348164
Broome,2006,200905
Cattaraugus,2006,81342
Cayuga,2006,80892
Chautauqua,2006,135640
Chemung,2006,88732
Chenango,2006,51391
Clinton,2006,82547
Columbia,2006,63427
Cortland,2006,49449
Delaware,2006,48271
Dutchess,2006,294712
Erie,2006,925564
Essex,2006,39490
Franklin,2006,51511
Fulton,2006,55328
Genesee,2006,59919
Greene,2006,49513
Hamilton,2006,4987
Herkimer,2006,64029
Jefferson,2006,113650
Kings,2006,2436132
Lewis,2006,27001
Livingston,2006,65357
Madison,2006,72042
Monroe,2006,738329
Montgomery,2006,49724
Nassau,2006,1324905
New York,2006,1578171
Niagara,2006,216148
Oneida,2006,234229
Onondaga,2006,460925
Ontario,2006,104644
Orange,2006,366908
Orleans,2006,43420
Oswego,2006,122354
Otsego,2006,63032
Putnam,2006,99357
Queens,2006,2173862
Rensselaer,2006,157312
Richmond,2006,457577
Rockland,2006,299390
St. Lawrence,2006,111556
Saratoga,2006,214627
Schenectady,2006,151768
Schoharie,2006,32661
Schuyler,2006,18752
Seneca,2006,35223
Steuben,2006,98473
Suffolk,2006,1475626
Sullivan,2006,77231
Tioga,2006,51536
Tompkins,2006,99651
Ulster,2006,182845
Warren,2006,65554
Washington,2006,62771
Wayne,2006,93595
Westchester,2006,931426
Wyoming,2006,42673
Yates,2006,25025
Albany,2005,302791
Allegany,2005,49768
Bronx,2005,1351736
Broome,2005,200477
Cattaraugus,2005,82039
Cayuga,2005,81104
Chautauqua,2005,136139
Chemung,2005,88860
Chenango,2005,51154
Clinton,2005,82233
Columbia,2005,63717
Cortland,2005,49330
Delaware,2005,48377
Dutchess,2005,294362
Erie,2005,931745
Essex,2005,39321
Franklin,2005,51257
Fulton,2005,55301
Genesee,2005,60068
Greene,2005,49142
Hamilton,2005,5093
Herkimer,2005,64292
Jefferson,2005,113486
Kings,2005,2445809
Lewis,2005,26773
Livingston,2005,65322
Madison,2005,71471
Monroe,2005,738506
Montgomery,2005,49505
Nassau,2005,1332318
New York,2005,1573573
Niagara,2005,216818
Oneida,2005,234282
Onondaga,2005,460910
Ontario,2005,104259
Orange,2005,364522
Orleans,2005,43475
Oswego,2005,122640
Otsego,2005,63069
Putnam,2005,99575
Queens,2005,2185222
Rensselaer,2005,156104
Richmond,2005,457028
Rockland,2005,298737
St. Lawrence,2005,111606
Saratoga,2005,212975
Schenectady,2005,150200
Schoharie,2005,32534
Schuyler,2005,18880
Seneca,2005,35177
Steuben,2005,98868
Suffolk,2005,1477687
Sullivan,2005,76780
Tioga,2005,51611
Tompkins,2005,99433
Ulster,2005,182438
Warren,2005,65206
Washington,2005,62468
Wayne,2005,93727
Westchester,2005,933401
Wyoming,2005,42780
Yates,2005,25129
Albany,2004,302173
Allegany,2004,50311
Bronx,2004,1358963
Broome,2004,200974
Cattaraugus,2004,82864
Cayuga,2004,81284
Chautauqua,2004,137174
Chemung,2004,89777
Chenango,2004,51297
Clinton,2004,81803
Columbia,2004,63646
Cortland,2004,49628
Delaware,2004,48283
Dutchess,2004,292859
Erie,2004,938333
Essex,2004,39295
Franklin,2004,51197
Fulton,2004,55233
Genesee,2004,60224
Greene,2004,48755
Hamilton,2004,5158
Herkimer,2004,64332
Jefferson,2004,109924
Kings,2004,2459094
Lewis,2004,26661
Livingston,2004,65484
Madison,2004,71397
Monroe,2004,741075
Montgomery,2004,49460
Nassau,2004,1337964
New York,2004,1569947
Niagara,2004,217737
Oneida,2004,234654
Onondaga,2004,461412
Ontario,2004,103385
Orange,2004,362934
Orleans,2004,43682
Oswego,2004,123340
Otsego,2004,62934
Putnam,2004,99468
Queens,2004,2198516
Rensselaer,2004,155523
Richmond,2004,456846
Rockland,2004,297562
St. Lawrence,2004,111468
Saratoga,2004,211478
Schenectady,2004,148900
Schoharie,2004,32310
Schuyler,2004,19034
Seneca,2004,35312
Steuben,2004,98983
Suffolk,2004,1478215
Sullivan,2004,76265
Tioga,2004,51631
Tompkins,2004,99531
Ulster,2004,181847
Warren,2004,64576
Washington,2004,62278
Wayne,2004,93860
Westchester,2004,935457
Wyoming,2004,42852
Yates,2004,25008
Albany,2003,301085
Allegany,2003,50165
Bronx,2003,1362373
Broome,2003,201037
Cattaraugus,2003,83335
Cayuga,2003,81395
Chautauqua,2003,137587
Chemung,2003,90154
Chenango,2003,51393
Clinton,2003,81396
Columbia,2003,63304
Cortland,2003,49475
Delaware,2003,47930
Dutchess,2003,290781
Erie,2003,941846
Essex,2003,39334
Franklin,2003,51228
Fulton,2003,55081
Genesee,2003,60412
Greene,2003,48416
Hamilton,2003,5181
Herkimer,2003,64080
Jefferson,2003,110246
Kings,2003,2472999
Lewis,2003,26692
Livingston,2003,65130
Madison,2003,71010
Monroe,2003,741671
Montgomery,2003,49449
Nassau,2003,1339761
New York,2003,1562154
Niagara,2003,218072
Oneida,2003,234243
Onondaga,2003,460961
Ontario,2003,102625
Orange,2003,358727
Orleans,2003,43593
Oswego,2003,123120
Otsego,2003,62567
Putnam,2003,98964
Queens,2003,2214608
Rensselaer,2003,154201
Richmond,2003,455939
Rockland,2003,296224
St. Lawrence,2003,111329
Saratoga,2003,209410
Schenectady,2003,147891
Schoharie,2003,32032
Schuyler,2003,19151
Seneca,2003,35212
Steuben,2003,99191
Suffolk,2003,1470849
Sullivan,2003,75447
Tioga,2003,51895
Tompkins,2003,99049
Ulster,2003,180942
Warren,2003,64323
Washington,2003,61621
Wayne,2003,94001
Westchester,2003,935799
Wyoming,2003,42955
Yates,2003,24898
Albany,2002,298283
Allegany,2002,50014
Bronx,2002,1358739
Broome,2002,201438
Cattaraugus,2002,83301
Cayuga,2002,81401
Chautauqua,2002,138346
Chemung,2002,90613
Chenango,2002,51205
Clinton,2002,80707
Columbia,2002,63182
Cortland,2002,48891
Delaware,2002,47666
Dutchess,2002,287700
Erie,2002,943551
Essex,2002,39195
Franklin,2002,50924
Fulton,2002,54988
Genesee,2002,60289
Greene,2002,48177
Hamilton,2002,5232
Herkimer,2002,63971
Jefferson,2002,111112
Kings,2002,2480559
Lewis,2002,26618
Livingston,2002,65118
Madison,2002,70261
Monroe,2002,741391
Montgomery,2002,49298
Nassau,2002,1339572
New York,2002,1555382
Niagara,2002,218127
Oneida,2002,234078
Onondaga,2002,459484
Ontario,2002,101763
Orange,2002,352975
Orleans,2002,43660
Oswego,2002,122496
Otsego,2002,62093
Putnam,2002,98263
Queens,2002,2224507
Rensselaer,2002,153040
Richmond,2002,452813
Rockland,2002,293728
St. Lawrence,2002,111292
Saratoga,2002,206446
Schenectady,2002,147199
Schoharie,2002,31785
Schuyler,2002,19179
Seneca,2002,35046
Steuben,2002,99583
Suffolk,2002,1456745
Sullivan,2002,74452
Tioga,2002,51992
Tompkins,2002,98227
Ulster,2002,180128
Warren,2002,63774
Washington,2002,61152
Wayne,2002,93735
Westchester,2002,935219
Wyoming,2002,43007
Yates,2002,24688
Albany,2001,296232
Allegany,2001,50079
Bronx,2001,1346555
Broome,2001,200868
Cattaraugus,2001,83346
Cayuga,2001,81313
Chautauqua,2001,138730
Chemung,2001,90780
Chenango,2001,51109
Clinton,2001,80320
Columbia,2001,62953
Cortland,2001,48903
Delaware,2001,47771
Dutchess,2001,284712
Erie,2001,946515
Essex,2001,38893
Franklin,2001,50925
Fulton,2001,54904
Genesee,2001,60321
Greene,2001,47976
Hamilton,2001,5312
Herkimer,2001,64274
Jefferson,2001,111422
Kings,2001,2477252
Lewis,2001,26951
Livingston,2001,65088
Madison,2001,69852
Monroe,2001,739891
Montgomery,2001,49472
Nassau,2001,1337086
New York,2001,1555729
Niagara,2001,218552
Oneida,2001,234247
Onondaga,2001,458576
Ontario,2001,100819
Orange,2001,347674
Orleans,2001,43898
Oswego,2001,122269
Otsego,2001,61924
Putnam,2001,97055
Queens,2001,2231316
Rensselaer,2001,152700
Richmond,2001,448961
Rockland,2001,290613
St. Lawrence,2001,111497
Saratoga,2001,203974
Schenectady,2001,146334
Schoharie,2001,31794
Schuyler,2001,19175
Seneca,2001,34764
Steuben,2001,99216
Suffolk,2001,1442488
Sullivan,2001,74143
Tioga,2001,51712
Tompkins,2001,97458
Ulster,2001,178440
Warren,2001,63406
Washington,2001,61142
Wayne,2001,93794
Westchester,2001,931577
Wyoming,2001,43061
Yates,2001,24725
Albany,2000,"280,096"
Allegany,2000,"45,561"
Bronx,2000,"1,288,234"
Broome,2000,"191,350"
Cattaraugus,2000,"80,831"
Cayuga,2000,"77,240"
Chautauqua,2000,"133,871"
Chemung,2000,"85,395"
Chenango,2000,"50,092"
Clinton,2000,"72,662"
Columbia,2000,"60,623"
Cortland,2000,"45,340"
Delaware,2000,"46,003"
Dutchess,2000,"263,568"
Erie,2000,"922,582"
Essex,2000,"35,998"
Franklin,2000,"44,488"
Fulton,2000,"53,282"
Genesee,2000,"58,937"
Greene,2000,"44,572"
Hamilton,2000,"5,343"
Herkimer,2000,"63,206"
Jefferson,2000,"103,444"
Kings,2000,"2,434,939"
Lewis,2000,"26,616"
Livingston,2000,"57,842"
Madison,2000,"64,551"
Monroe,2000,"711,296"
Montgomery,2000,"48,500"
Nassau,2000,"1,314,370"
New York,2000,"1,491,423"
Niagara,2000,"215,623"
Oneida,2000,"220,539"
Onondaga,2000,"445,363"
Ontario,2000,"97,231"
Orange,2000,"328,980"
Orleans,2000,"40,653"
Oswego,2000,"117,728"
Otsego,2000,"57,223"
Putnam,2000,"94,052"
Queens,2000,"2,203,306"
Rensselaer,2000,"147,472"
Richmond,2000,"436,628"
Rockland,2000,"281,436"
St. Lawrence,2000,"196,387"
Saratoga,2000,"142,308"
Schenectady,2000,"29,789"
Schoharie,2000,"18,529"
Schuyler,2000,"31,687"
Seneca,2000,"100,744"
Steuben,2000,"96,858"
Suffolk,2000,"1,393,546"
Sullivan,2000,"70,864"
Tioga,2000,"51,149"
Tompkins,2000,"84,541"
Ulster,2000,"169,367"
Warren,2000,"61,889"
Washington,2000,"57,335"
Wayne,2000,"91,968"
Westchester,2000,"902,177"
Wyoming,2000,"38,919"
Yates,2000,"23,353"
Albany,1999,294692
Allegany,1999,49997
Bronx,1999,1317895
Broome,1999,200881
Cattaraugus,1999,84050
Cayuga,1999,82034
Chautauqua,1999,140087
Chemung,1999,91284
Chenango,1999,51286
Clinton,1999,79875
Columbia,1999,63217
Cortland,1999,48734
Delaware,1999,48069
Dutchess,1999,277586
Erie,1999,952546
Essex,1999,38664
Franklin,1999,51061
Fulton,1999,55011
Genesee,1999,60554
Greene,1999,47975
Hamilton,1999,5325
Herkimer,1999,64462
Jefferson,1999,112081
Kings,1999,2447352
Lewis,1999,26914
Livingston,1999,64243
Madison,1999,69523
Monroe,1999,733679
Montgomery,1999,49918
Nassau,1999,1330815
New York,1999,1535624
Niagara,1999,220556
Oneida,1999,235412
Onondaga,1999,458575
Ontario,1999,99802
Orange,1999,336630
Orleans,1999,44183
Oswego,1999,122199
Otsego,1999,61629
Putnam,1999,94647
Queens,1999,2208975
Rensselaer,1999,152392
Richmond,1999,437814
Rockland,1999,285265
St. Lawrence,1999,112202
Saratoga,1999,198641
Schenectady,1999,146857
Schoharie,1999,31537
Schuyler,1999,19117
Seneca,1999,33231
Steuben,1999,98458
Suffolk,1999,1406161
Sullivan,1999,73341
Tioga,1999,51892
Tompkins,1999,96656
Ulster,1999,176526
Warren,1999,63031
Washington,1999,61043
Wayne,1999,93790
Westchester,1999,918532
Wyoming,1999,43584
Yates,1999,24613
Albany,1998,295097
Allegany,1998,49991
Bronx,1998,1300823
Broome,1998,201072
Cattaraugus,1998,84519
Cayuga,1998,82497
Chautauqua,1998,140784
Chemung,1998,91791
Chenango,1998,51432
Clinton,1998,79926
Columbia,1998,63356
Cortland,1998,48755
Delaware,1998,47999
Dutchess,1998,273784
Erie,1998,956578
Essex,1998,38506
Franklin,1998,49620
Fulton,1998,54971
Genesee,1998,60877
Greene,1998,47771
Hamilton,1998,5296
Herkimer,1998,64909
Jefferson,1998,112546
Kings,1998,2422434
Lewis,1998,27072
Livingston,1998,63948
Madison,1998,69464
Monroe,1998,734076
Montgomery,1998,50321
Nassau,1998,1322950
New York,1998,1531067
Niagara,1998,221884
Oneida,1998,235710
Onondaga,1998,459882
Ontario,1998,99603
Orange,1998,332199
Orleans,1998,44167
Oswego,1998,122153
Otsego,1998,61379
Putnam,1998,93301
Queens,1998,2174983
Rensselaer,1998,153085
Richmond,1998,428952
Rockland,1998,282044
St. Lawrence,1998,112261
Saratoga,1998,196513
Schenectady,1998,147738
Schoharie,1998,31279
Schuyler,1998,19143
Seneca,1998,33184
Steuben,1998,98657
Suffolk,1998,1390729
Sullivan,1998,72974
Tioga,1998,52163
Tompkins,1998,96036
Ulster,1998,175085
Warren,1998,62585
Washington,1998,60851
Wayne,1998,93624
Westchester,1998,911628
Wyoming,1998,43527
Yates,1998,24355
Albany,1997,296187
Allegany,1997,50325
Bronx,1997,1285683
Broome,1997,202053
Cattaraugus,1997,84718
Cayuga,1997,82693
Chautauqua,1997,141531
Chemung,1997,92162
Chenango,1997,52017
Clinton,1997,80191
Columbia,1997,63505
Cortland,1997,48619
Delaware,1997,47878
Dutchess,1997,270935
Erie,1997,963040
Essex,1997,38646
Franklin,1997,49919
Fulton,1997,55102
Genesee,1997,61216
Greene,1997,47346
Hamilton,1997,5274
Herkimer,1997,65818
Jefferson,1997,113055
Kings,1997,2401148
Lewis,1997,27251
Livingston,1997,64217
Madison,1997,69554
Monroe,1997,734394
Montgomery,1997,50798
Nassau,1997,1318211
New York,1997,1527384
Niagara,1997,223135
Oneida,1997,236863
Onondaga,1997,462438
Ontario,1997,99693
Orange,1997,328860
Orleans,1997,44172
Oswego,1997,123237
Otsego,1997,61371
Putnam,1997,92139
Queens,1997,2138503
Rensselaer,1997,153653
Richmond,1997,420725
Rockland,1997,279082
St. Lawrence,1997,112867
Saratoga,1997,194757
Schenectady,1997,148557
Schoharie,1997,31557
Schuyler,1997,19023
Seneca,1997,33362
Steuben,1997,98907
Suffolk,1997,1377203
Sullivan,1997,72712
Tioga,1997,52160
Tompkins,1997,96216
Ulster,1997,174148
Warren,1997,62460
Washington,1997,60950
Wayne,1997,93282
Westchester,1997,905632
Wyoming,1997,43767
Yates,1997,24245
Albany,1996,297680
Allegany,1996,50869
Bronx,1996,1272693
Broome,1996,204415
Cattaraugus,1996,85284
Cayuga,1996,82846
Chautauqua,1996,142476
Chemung,1996,92972
Chenango,1996,52297
Clinton,1996,80440
Columbia,1996,63625
Cortland,1996,48726
Delaware,1996,48342
Dutchess,1996,268986
Erie,1996,970375
Essex,1996,38595
Franklin,1996,50179
Fulton,1996,55388
Genesee,1996,61288
Greene,1996,47170
Hamilton,1996,5354
Herkimer,1996,66454
Jefferson,1996,114585
Kings,1996,2383703
Lewis,1996,27357
Livingston,1996,64146
Madison,1996,70151
Monroe,1996,734257
Montgomery,1996,51305
Nassau,1996,1315799
New York,1996,1521415
Niagara,1996,223792
Oneida,1996,239246
Onondaga,1996,466614
Ontario,1996,99509
Orange,1996,326000
Orleans,1996,44435
Oswego,1996,123619
Otsego,1996,61584
Putnam,1996,90768
Queens,1996,2105520
Rensselaer,1996,154928
Richmond,1996,414481
Rockland,1996,277714
St. Lawrence,1996,113888
Saratoga,1996,193937
Schenectady,1996,149351
Schoharie,1996,32111
Schuyler,1996,19089
Seneca,1996,33500
Steuben,1996,99212
Suffolk,1996,1368366
Sullivan,1996,72758
Tioga,1996,52287
Tompkins,1996,96298
Ulster,1996,173205
Warren,1996,62337
Washington,1996,61278
Wayne,1996,93128
Westchester,1996,902174
Wyoming,1996,43950
Yates,1996,24209
Albany,1995,299725
Allegany,1995,51251
Bronx,1995,1262064
Broome,1995,207478
Cattaraugus,1995,85040
Cayuga,1995,82964
Chautauqua,1995,142542
Chemung,1995,93675
Chenango,1995,52127
Clinton,1995,82914
Columbia,1995,63790
Cortland,1995,49123
Delaware,1995,48638
Dutchess,1995,266538
Erie,1995,973927
Essex,1995,38262
Franklin,1995,49965
Fulton,1995,55217
Genesee,1995,61105
Greene,1995,47187
Hamilton,1995,5245
Herkimer,1995,66711
Jefferson,1995,115361
Kings,1995,2372611
Lewis,1995,27364
Livingston,1995,64146
Madison,1995,70182
Monroe,1995,733643
Montgomery,1995,51649
Nassau,1995,1312950
New York,1995,1514184
Niagara,1995,223958
Oneida,1995,244736
Onondaga,1995,470235
Ontario,1995,98816
Orange,1995,323451
Orleans,1995,44524
Oswego,1995,123972
Otsego,1995,61671
Putnam,1995,89969
Queens,1995,2074581
Rensselaer,1995,154969
Richmond,1995,409600
Rockland,1995,276649
St. Lawrence,1995,114317
Saratoga,1995,193253
Schenectady,1995,150355
Schoharie,1995,32137
Schuyler,1995,19128
Seneca,1995,32698
Steuben,1995,99950
Suffolk,1995,1361391
Sullivan,1995,72379
Tioga,1995,52601
Tompkins,1995,96870
Ulster,1995,172362
Warren,1995,62271
Washington,1995,61225
Wayne,1995,92740
Westchester,1995,897945
Wyoming,1995,43709
Yates,1995,24064